Time, Value
0, 2.450449499967112
1, 4.706735895694447
2, 4.643885769075402
3, 4.192535114753222
4, 0.6239443152328703
5, 0.0
6, 0.48121714262777215
7, 0.14609699108170132
8, 2.0420004854807026
9, 2.203098146211903
10, 2.274890281432394
11, 1.9574153315647556
12, 2.0868714171201996
13, 2.301430552867261
14, 4.746507252453251
15, 4.702511633793832
16, 5.0
17, 0.6138197031883791
18, 2.0373499340390073
19, 4.72769578032398
